Ugly Duckling,Audacity,House Activities,t6517351
The Vines,Ride,"Biking,Running,Exercising",t2566964
Aerosmith,Jaded,"Driving,House Activities",t2895207
The Cardigans,Lovefool,"Driving,Sitting",t2428380
Linkin Park,Forgotten,"Biking,Exercising",t1166536
The Killers,Jenny was a Friend of Mine,"Running,Sitting,Driving",t2835387
Muse,The New Born,"Sitting,Driving",t1146618
Blondie,Rapture,"Sitting,Driving",t2054684
The Living End,End of the World,Exercising,t1198379
Rancid,Fall Back Down,"Exercising,Driving",t1261957
The Maine,I Must Be Dreaming,"Jogging,Running,Biking",t1162521
We the Kings,What You Do To Me,"Jogging,Running,Biking",t2469422
Motion City Soundtrack,Everything is Alright,"Running,Biking,Driving",t1146438
Cobra Starship,Bring It (Snakes On A Plane),"Running,Driving",t1268729
Lifehouse,Hanging By A Moment,Sitting,t2862387
Maroon 5,Sunday Morning,"Sitting,Talking,Walking",t2803688
Hellogoodbye,When We First Met,"Sitting,Walking,Jogging,Running,Driving",t6387015
Metro Station,California,"Walking,Biking,Driving",t3510824
Beastie Boys,Sabotage,"Jogging, Running, Driving", t2457688
Moby,Extreme Ways,Sitting,t2495906
Jack's Mannequin,The Lights and Buzz,"Jogging, Sitting",t1240437
Mickey Avalon,My Dick,"Jogging, Walking, Running, Driving",t3366673
Scorpion,Rock You Like a Hurricane,"Running, Jogging", t2826040
Guns N' Roses,Welcome to the Jungle,"Running, Jogging, Driving",t1512750
Disturbed,Liberate,"Running, Jogging, Driving",t1207835
Korn,Love Song,"Running, Jogging, Driving, Sitting",t2065835
Tenacious D,Master Exploder,"Running, Jogging, Driving",t2916085
The Doors,Break on Through,"Running, Jogging, Driving", t1151390
Taylor Swift,Forever and Always,"Jogging, Running, Biking, Driving",t3470422
Katy Perry,Thinking Of You,"Sitting, Walking, Driving",t1340233
Relient K,I So Hate Consequences,"Running, Biking, Driving",t2148734
Cold Play,Fix You,"Sitting, Talking",t2272242
blink-182,The Rock Show,"Running, Biking, Driving",t2585272
B.o.B.,Magic,"Jogging, Running, Biking, Driving",t5186392
Jack's Mannequin,The Mixed Tape,"Sitting, Talking, Walking, Jogging, Running, Biking, Driving",t1221907
Jimmy Eat World,Your House,"Sitting, Talking, Walking, Jogging, Driving",t2838049
Joshua Radin,I'd Rather Be With You,"Sitting, Talking",t3342065
Michelle Branch,Breathe,"Sitting, Talking, Biking, Driving",t1150613
Paramore,Misery Business,"Running, Biking, Driving",t1232959
Switchfoot,Awakening,"Sitting, Walking, Jogging, Running, Biking, Driving",t2900892
Sum 41,Fat Lip,"Walking, Jogging, Running, Biking, Driving",t2904953
Red Hot Chili Peppers,Higher Ground,"House Work, walking",t2129149
Good Charlotte,I Just Wanna Live,"House Work, walking, jogging, running",t3034044
Ugly Duckling,Right Now,"House Work, walking, jogging, running",t6517640
King,Love and Pride,"House Work, walking, jogging, running",t3050337
The Killers,Mr. Brightside,"House work, sitting",t2835453
The Killers,Somebody Told Me,"House work, sitting, walking",t2835575
Avenged Sevenfold,Seize the Day,"House Work, walking, sitting",t1183334
Aerosmith,Eat The Rich,"House Work, walking, jogging, running",t7399101
Franz Ferdinand,Bite Hard,"House Work, walking, jogging",t2909855
Fatboy Slim,Weapon of Choice,"House Work, walking, jogging",t2611528
Blondie,Rapture,"House Work, walking, jogging",t4757348
Norah Jones,Don't Know Why,"House work, sitting, walking",t3364509
The Police,Message In a Bottle,"House work, sitting, walking",t2804947
Billy Idol,Flesh For Fantasy,"Sitting, House work",t2188485
Jimmy Eat World,23,Sitting,t2792887
Jimmy Eat World,Pain,"Sitting, Walking, Driving",t2792544
Jimmy Eat World,Bleed American,"Sitting, Walking, Driving",t2837882
Aerosmith,I Don't Want to Miss a Thing,"Sitting, Driving",t2961120
Westlife,Queen of My Heart,"Sitting, Driving",t2917983
Westlife,I Cry,Sitting,t2918148
Aerosmith,Dream On,"Sitting, Driving",t2942813
Blue Oyster Cult,Burning For You,"Sitting, Driving, Housework",t3023810
Blue Oyster Cult,Sinful Love,"Sitting, Driving, Housework",t3533491
Blue Oyster Cult,Revenge Of Vera Gemini,"Sitting, Driving",t3533447
The Cardigans,Don't Blame Your Daughter,"Sitting, Driving",t5894708
The Cardigans,Little Black Cloud,"Sitting, Driving",t5894710
The Cardigans,Losing A Friend,Sitting,t5894695
Coldplay,Clocks,"Sitting, Driving, Housework",t6584361
Coldplay,Viva la Vida,"Sitting, Driving",t1381008
Rolling Stones,Beast of Burden,Sitting,t2711288
Michael Jackson,Stranger in Moscow,"Sitting, Driving",t7176967
Michael Jackson,Human Nature,"Sitting, Driving",t2892751
Papa Roach,Scars,"Sitting, Driving, Housework",t4808531
Linkin Park,Crawling,"Sitting, Driving",t1188389
Linkin Park,Somewhere I Belong,"Sitting, Driving, Housework",t1216266
Third Eye Blind,Jumper,"Walking, Sitting, Driving",t1281789
Third Eye Blind,Semi-Charmed Life,"Walking, Sitting",t1312693
The Vines,Autumn Shade,"Walking, Sitting",t2567080
The Vines,Winning Days,"Walking, Sitting, Driving",t2567453
The Vines,Autumn Shade II,"Walking, Sitting",t2567422
Tom Petty,Refugee,"Walking, Sitting, Driving",t1563999
Stevie Nicks,Edge of Seventeen,"Walking, Sitting, Driving",t1523576
Billy Squier,The Stroke,"Walking, Jogging, Driving, Exercising, Housework",t8044132
King,Love and Pride,"Walking, Jogging, Driving, Exercising",t3050337
Ramones,Rock n' Roll High School,"Walking, Jogging, Driving, Exercising",t3795135
Oasis,Wonderwall,"Walking, Driving, Sitting",t1288628
Daniel Powter,Bad Day,"Walking, Driving, Sitting",t7223647
Edward Sharpe & The Magnetic Zeros,Janglin,"Walking, Driving, Sitting",t3984017
Fall Out Boy,Dance Dance,"Walking, Jogging, Driving, Exercising",t2289244
Green Day,Basket Case,"Walking, Driving, Sitting",t1235778
Disturbed,Down With The Sickness,"Running, Exercising",t1847188
Disturbed,Stricken,"Running, Exercising",t1175244
Korn,Twisted Transistor,"Running, Exercising, Jogging",t2065838
The Vines,Get Free,"Running, Exercising, Driving",t2567135
Linkin Park,Papercut,"Running, Exercising, Driving",t1188263
Linkin Park,Forgotten,"Running, Exercising",t1188553
Guns N' Roses,Paradise City,"Running, Exercising, Driving",t1515332
Ugly Duckling,Right Now,"Running, Exercising, Driving",t6517640
Ugly Duckling,Turn it Up,"Running, Exercising",t2208961
Avenged Sevenfold,Bat Country,"Running, Exercising, Driving",t1183273
Avenged Sevenfold,Unholy Confessions,"Running, Exercising, Jogging",t2266420
Foo Fighters,The Pretender,"Running, Exercising, Jogging",t2893069
Billy Idol,Rebel Yell,"Running, Exercising, Driving",t3376454
Muse,Feeling Good,"Running, Exercising, Driving",t1146726
Muse,Supermassive Black Hole,"Running, Exercising, Driving",t1552103
Iron Maiden,2 Minutes to Midnight,"Running, Exercising, Jogging",t2959629
Iron Maiden,Number of the Beast,"Running, Exercising",t2960026
Jet,Cold Heart Bitch,"Running, Exercising, Driving",t6003909
System of a Down,B.Y.O.B.,"Running, Exercising",t2999704
Judas Priest,Metal Meltdown,"Running, Exercising, Jogging",t3800331
Rage Against the Machine,Ashes in the Fall,"Running, Exercising",t2903955
Rage Against the Machine,Testify,"Running, Exercising, Driving",t3574031
Franz Ferdinand,Take Me Out,"Running, Exercising, Driving, Jogging",t2916737
The Vines,Dope Train,"Running, Exercising, Driving, Jogging",t2566649
All Time Low,Weightless,"Running, Biking, Driving",t1765788
All-American Rejects,Dance Inside,"Sitting, Walking, Biking, Driving",t5656574
Anberline,Paperthin Hymn,"Sitting, Walking, Running, Biking, Driving",t2487060
Avril Lavigne,Complicated,"Sitting, Walking",t2885403
Avril Lavigne,Fall To Pieces,"Sitting, Walking, Driving",t2899373
The Beatles,Yesterday,"Sitting, Walking",t7870039
The Beatles,"Ob-La-Di, Ob-La-Da","Sitting, Walking, Driving",t4559773
blink-182,Feeling This,"Biking, Driving",t2585272
Blue October,Into the Ocean,"Sitting, Walking",t2881446
Boys Like Girls,Heels Over Head,"Sitting, Walking, Running, Biking, Driving",t3765008
Boys Like Girls,Up Against The Wall,"Sitting, Walking, Driving",t3764901
Boys Like Girls,The Great Escape,"Sitting, Walking, Running, Biking, Driving",t3764581
Bruno Mars,Just The Way You Are,"Sitting, Walking, Driving",t5740172
Bryan Adams,"Everything I Do, I Do It For You",Sitting,t3073640
The Cab,I'll Run,"Running, Biking, Driving",t1683142
Cartel,Runaway,"Running, Biking, Driving",t2913987
Daughtry,Over You,"Running, Biking, Driving",t2892315
The Classic Crime,Who Needs Air,Sitting,t2507267
The Click Five,Just The Girl,"Running, Biking, Driving",t1208063
Cobra Starship,Guilty Pleasure,"Running, Biking, Driving",t1136165
Coldplay,Fix You,Sitting,t2319194
Demi Lovato,Catch Me,Sitting,t4739819
Edwin McCain,I'll Be,"Sitting, Walking",t3368006
Fall Out Boy,Grand Theft Autumn,"Walking, Running, Biking, Driving",t1180305
Simple Plan,I'd Do Anything,"Running, Biking, Driving",t1218886
Jack's Mannequin,Dark Blue,"Sitting, Walking, Running, Biking, Driving",t1237890
The Maine,Everything I Ask For,Running,t1162484
Taylor Swift,Our Song,"Sitting, Walking, Running, Biking, Driving",t4747280
The Fray,Over My Head ,"Sitting, Walking, Biking, Driving",t3763058
Glee Cast,Lean on Me,"Sitting, Walking",t3262315
Hellogoodbye,Here In Your Arms,"Sitting, Walking",t2290302
Hellogoodbye,When We First Met,"Sitting, Walking, Running, Biking, Driving",t6387015
Hey Monday,How You Love Me Now,"Running, Biking, Driving",t2887253
Jimmy Eat World,The Middle,"Running, Biking, Driving",t2838014
Paramore,Misery Business,"Running, Biking, Driving",t1232959
Relient K,Be My Escape,"Running, Biking, Driving",t2501776
Secondhand Serenade,Your Call,Sitting,t2248119
Taylor Swift,You Belong With Me,"Running, Biking, Driving",t3987312
Taylor Swift,Forever & Always,"Running, Biking, Driving",t3987490
Train,Soul Sister,"Sitting, Walking, Biking, Driving",t6702502
We the Kings,In-N-Out (Animal Style),"Walking, Driving",t2469047
Maroon 5,This Love,"Running, Biking, Driving",t2803604
Third Eye Blind,Semi-Charmed Life,"Walking, Running, Biking, Driving",t1312693
Yellowcard,Only One,"Sitting, Walking, Driving",t2216983
Travie McCoy,Billionaire,"Sitting, Walking",t4500972
The Used,All That I've Got,"Sitting, Running, Driving",t1192586
Norah Jones,Don't Know Why,Sitting,t3364509
Vampire Weekend,A-Punk,"Walking, Running",t7450264
The Afters,Beautiful Love,"Walking, Running",t2999793
All Time Low,Weightless,"Running, Driving",t1765788
All Time Low,"Dear Maria, Count Me In","Running, Driving",t4304178
All Time Low,Lost In Stereo,"Running, Driving",t1253089
All Time Low,Too Much,Sitting,t1253270
All Time Low,Brooklyn,Driving,t1253198
The All-American Rejects,"Swing, Swing",Sitting,t5656232
The All-American Rejects,Time Stands Still,"Biking, Running, Driving",t5656540
The All-American Rejects,My Paper Heart,Sitting,t5656379
The All-American Rejects,Dirty Little Secret,"Walking, Running",t5656268
The All-American Rejects,Dance Inside,"Sitting, Walking, Driving",t5656574
Anberlin,Reclusion,"Sitting, Driving",t2488853
Anberlin,Paperthin Hymn,"Running, Driving",t2487060
Angels & Airwaves,Everything's Magic,Walking,
Angels & Airwaves,The Adventure,Sitting,
Angels & Airwaves,Distraction,Sitting,t2881199
Avril Lavigne,Complicated,"Walking, Driving",t2885403
Avril Lavigne,Happy Ending,Sitting,
Avril Lavigne,I'm With You,Sitting,t2885448
Avril Lavigne,Things I'll Never Say,"Sitting, Walking",t2885593
B.o.B.,Magic,Driving,t5186392
The Beatles,Yesterday,"Sitting, Walking",t7870039
The Beatles,All You Need Is Love,"Sitting, Walking",t4553762
The Beatles,Come Together,Walking,t8243435
The Beatles,I Want to Hold  Your Hand,"Sitting, Walking",t699770
The Beatles,Let It Be,Sitting,t1420421
The Beatles,Day Tripper,Walking,t4583596
Jim Sturgess,All My Loving,"Sitting, Walking, Driving",t2848434
The Beatles,Blackbird,"Sitting, Walking",t8243268
The Beatles,Here Comes The Sun,"Sitting, Walking",t4559748
The Beatles,Yellow Submarines,Sitting,t442354
Blessid Union of Souls,Hey Leonardo (She Likes Me for Me),Walking,t4814962
blink-182,Dammit,"Sitting, Walking, Running, Driving",t1515216
Boys Like Girls,The Great Escape,"Sitting, Walking, Running, Driving",t3764581
Boys Like Girls,Five Minutes To Midnight,"Sitting, Walking, Running, Driving",t3764640
Boys Like Girls,Up Against the Wall,"Sitting, Walking, Running, Driving",t3764901
Boys Like Girls,Heels Over Head,"Sitting, Walking, Running, Driving",t3765008
Boys Like Girls,Holiday,Sitting,
Bryan Adams,Heaven,Sitting,t3072941
Cartel,Say Anything (Else),"Running, Driving",t2913841
The Click Five,Good Day,"Running, Driving",t1208024
The Click Five,Friday Night,Walking,
The Click Five,Catch Your Wave,Walking,
Cobra Starship,The City Is At War,"Running, Driving",t1136154
Cobra Starship,Guilty Pleasure,"Running, Driving",t1136165
Cobra Starship,Kiss My Sass,"Running, Driving",t1136186
Cobra Starship,Hot Mess,Driving,t1750208
Cobra Starship,Angie,"Sitting, Walking",t1136226
Cobra Starship,The World Has Its Shine (But I Would Drop It On A Dime),"Sitting, Walking",
Colbie Caillat,Fallin' For You,"Sitting, Walking",t4737794
Daughtry,Feels Like Tonight,"Sitting, Walking, Driving",t2892362
Daughtry,Life After You,,t2900756
Demi Lovato,Catch Me,Sitting,t4739819
Evan and Jaron,Crazy For This Girl,Sitting,t2951358
Fall Out Boy,Grand Theft Autumn,"Sitting, Walking, Driving",t1180305
Forever the Sickest Kids,Whoa Oh (Me Vs Everyone),"Running, Driving",t4028988
Glee Cast,Lean On Me (Glee Cast Version),"Sitting, Driving",t3926326
Glee Cast,"It's My Life / Confessions, Pt. II (Glee Cast Version)","Sitting, Driving",
Glee Cast,Total Eclipse Of The Heart (Glee Cast Version) [Featuring Jonathan Groff],Sitting,
Glee Cast,Defying Gravity (Glee Cast Version),Sitting,
Glee Cast,Jessie's Girl,"Sitting, Walking, Running, Driving",
Goo Goo Dolls,Iris,,t1200193
Hellogoodbye,When We First Met,"Sitting, Walking",t6387015
Hey Monday,How You Love Me Now,"Running, Driving",t2887253
Hinder,Lips of an Angel,Driving,t2880730
Jack's Mannequin,Dark Blue,"Sitting, Running, Driving",t1237890
Jason Mraz,I'm Yours,"Sitting, Driving",t1137599
Jimmy Eat World,Dizzy,Sitting,
Jimmy Eat World,Hear You Me,Sitting,
Jimmy Eat World,The Middle,"Sitting, Running, Driving",t2838014
Jimmy Eat World,Bleed American,Driving,
Jimmy Eat World,Always Be,"Running, Driving",
The Killers,Somebody Told Me,Driving,t2835575
Lifehouse,Hanging By A Moment,Sitting,t2862387
The Maine,I Wanna Love You,"Sitting, Walking",t4292415
Maroon 5,She Will Be Loved,"Sitting, Walking",t3769788
Maroon 5,This Love,"Running, Driving",
Jack's Mannequin,Bruised,"Sitting, Walking, Driving",t1237785
Jack's Mannequin,La La Lie,"Sitting, Walking",t1237853
Metro Station,Seventeen Forever,Sitting,t3510743
Metro Station,Tell Me What To Do,"Sitting, Driving",t3510815
Metro Station,California,Driving,t3510824
Metro Station,Disco,,t3510834
Metro Station,Shake It,Driving,
AJ Rafael,We Could Happen,"Sitting, Walking, Running, Driving",
Michael Jackson,PYT (Pretty Young Thing),Sitting,t3514576
Michael Jackson,Billie Jean,"Sitting, Driving",t2891891
Michelle Branch,Everywhere,Driving,t2230608
Motion City Soundtrack,Everything Is Alright,Driving,t1265096
Motion City Soundtrack,It Had To Be You,"Sitting, Walking",t1181980
Motion City Soundtrack,Skin and Bones,Sitting,t3027096
Muse,Apocalypse Please,Driving,t1192307
Muse,Time Is Running Out,Driving,t1216849
New Found Glory,All Downhill from Here,Driving,t2830782
New Found Glory,I Don't Wanna Know,Driving,
Norah Jones,Don't Know Why,"Sitting, Walking",t3364509
Oasis,Wonderwall,"Sitting, Walking, Running",t1229482
Five for Fighting,Superman,"Sitting, Walking, Running",t6387166
Parachute,She (For Liz),"Sitting, Walking, Running, Driving",t2710822
Parachute,She Is Love,Sitting,t2710935
Paramore,Pressure,"Sitting, Walking, Running, Driving",t1227428
Paramore,That's What You Get,Walking,t1232779
Paramore,When It Rains,Sitting,
Paramore,Hallelujah,Sitting,
Paramore,All I Wanted,Walking,
Paramore,Here We Go Again,"Walking, Running",
The Red Jumpsuit Apparatus,Face Down,"Running, Driving",t2362311
Relient K,High Of 75,"Sitting, Walking",t2148682
Relient K,Who I Am Hates Who I've Been,Driving,t7515711
Relient K,Must Have Done Something Right,"Sitting, Walking",t2148275
Relient K,Forward Motion,Walking,t7515920
Relient K,Mood Rings,Walking,t7515911
Relient K,Getting Into You,Sitting,t7515944
Relient K,More Than Useless,Driving,
Relient K,I Am Understood?,Sitting,
Relient K,Let It All Out,Sitting,
A Rocket To The Moon,Baby We're Invincible,Sitting,
A Rocket To The Moon,Dakota,"Running, Driving",t3054485
A Rocket To The Moon,On Your Side,Driving,t3055016
Runner Runner,She's My Kinda Girl,"Running, Driving",t7566912
Runner Runner,Hey Alli,,
Runner Runner,Dedicate,,
The Script,This = Love,"Walking, Driving",t2891662
Secondhand Serenade,Vulnerable,Sitting,t1213801
Secondhand Serenade,Your Call,Sitting,t2248119
Secondhand Serenade,Maybe,Sitting,t2247975
Secondhand Serenade,Fall For You,Sitting,t2247926
Simple Plan,I'd Do Anything,"Walking, Running, Driving",t1218886
The Starting Line,Island,,t6069081
Sum 41,In Too Deep,Driving,t2905049
Taylor Swift,Love Story,"Sitting, Walking",t7182272
Taylor Swift,Forever & Always,Driving,t3987490
Taylor Swift,I'd Lie,"Sitting, Walking",
Taylor Swift,Superman,Walking,
Taylor Swift,Ours,"Walking, Running, Driving",
Taylor Swift,Last Kiss,Sitting,
Third Eye Blind,Semi-Charmed Life,Driving,t1312693
Train,Drops of Jupiter,"Sitting, Driving",t3011522
Travie McCoy,Billionaire,"Sitting, Walking, Driving",t4500972
Counting Crows,Accidentally in Love,"Sitting, Walking, Driving",t2801237
We the Kings,She Takes Me High,Driving,t2468475
We the Kings,Promise the Stars,Driving,t2468574
Weezer,Island in the Sun,Sitting,t2873061
Yellowcard,Sure Thing Falling,"Running, Driving",t2416455
Yellowcard,Way Away,Driving,t2216625
Yellowcard,Ocean Avenue,"Running, Driving",t2216776
Yellowcard,Empty Apartment,Sitting,t2216837
Yellowcard,"One Year, Six Months","Sitting, Walking",t2217426
Yellowcard,Sing For Me,"Sitting, Walking",
Yellowcard,Soundtrack,"Sitting, Walking",
Jurassic 5,Concrete Schoolyard,"Sitting,House Activities",t2862261
Ludacris,Get Back,"Biking,Running,Exercising",t5605750
Jay Z,99 Problems,"Biking,Running,Exercising",t2702383
Supertramp,The Logical Song,Sitting,t2872902
The Beatles,Twist and Shout,"Sitting,House Activities,Driving",t699805
Gorillaz,Stylo,"Driving,Sitting,House Acitivites",t2055717
Ray Charles,Hit the Road Jack,"Sitting,House Activities,Driving",t209375
Ramones,I Wanna be Sedated,Driving,t1180411
The Offspring,"You're Gonna Go Far, Kid","Driving,Running",t2945352
Two Door Cinema,"Eat That Up, It's Good For You","Jogging,Running,Biking,Driving",t3325670
Miike Snow,Animal,"Sitting,Talking,Walking",t2813904
Daft Punk,Digital Love,"Sitting,Talking",t1983025
Goo Goo Dolls,Slide,"Sitting,Talking,Walking,Jogging",t1212386
Glen Hansard and Marketa Irglova,Falling Slowly,"Sitting,Talking",t2885365
Elton John,Your Song,"Sitting,Talking",t2911444
Semisonic,Closing Time,"Sitting,Talking",t2847480
John Legend,Ordinary People,"Sitting,Talking",t2893797
Scott Joplin,Pine Apple Rag,"Sitting,Talking,Walking",t5787135
Nine Days,Story of a Girl,"Sitting,Walking,Driving",t3563738
Fountains of Wayne,Hey Julie,"Sitting,Walking,Jogging",t2476280
Michael Buble,Haven't Met You Yet,"Walking,Jogging,Running",t1284186
Kavinsky,Nightcall,Driving,t6217950
Nirvana,The Man Who Sold The World,"Sitting,Talking",t2713058
Nirvana,Smells Like Teen Spirit,"Running,Jogging,Driving",t6649806
Black Keys,Tighten Up,"Running,Jogging,Driving",t1895453
Black Keys,Howlin' For You,"Running,Jogging,Driving",t2629850
Black Keys,Black Mud,"Driving,Sitting,Walking",t2629856
Two Door Cinema,What You Know,"Driving,Running",t3325620
Cults,Go Outside,"Driving,Running,Walking",t7762880
Daft Punk,Nocturne,"Sitting,Driving, talking",t7116224
Geto Boys,G Code,"Jogging, Running, Driving", t4779091
REM,Losing My Religion,"Sitting, Jogging, Driving",t1145865
The Cars,Moving in Stereo,"Sitting, Jogging, Driving",t1197405
Golden Earring,Radar Love,"Jogging, Running, Driving",t2905827
Heart,Barracuda,"Running, Jogging, Driving",t2893397
Loverboy,Working for the Weekend,"Running, Jogging, Driving",t2891624
Guns N' Roses,Knockin' on Heaven's Doors,"Jogging, sitting, house activities",t3293485
Macy Gray,I Try,"Jogging, Sitting", t2917200
Miley Cyrus,Party in the U.S.A,"Jogging, Running, Driving, Sitting",t3950152
Ke$ha,Tik Tok,"Running, Jogging, Driving",t2894310
Frank Sinatra,Fly Me to the Moon,"Sitting, Jogging",t6787516
Jason Derulo,In My Head,"Biking, Driving",t1695377
 Rusted Root,Send Me On My Way,"Biking, Driving",t1695377
Elvis Presley,Devil in Disguise,"Biking, Driving",t2887160
The Script,The Man Who Can't Be Moved ,"Sitting, Talking, Walking",t2891653
Yellowcard,Believe,"Sitting, Biking, Driving",t2217338
Jack Johnson,Banana Pancakes,"Sitting, Talking, Walking, Driving",t2790957
Carolina Liar,Show Me What I'm Looking For,"Sitting, Talking, Walking, Driving",t1227699
Phil Collins,You'll Be In My Heart,"Sitting, Talking",t1630965
The Spill Canvas,Lullaby,"Sitting, Talking",t1222652
The Wreckers,Leave the Pieces,"Sitting, Talking, Walking, Driving",t1154902
Bowling for Soup,Almost,"Sitting, Driving",t2901479
City and Colour,The Girl,"Sitting, Talking, Walking",t4000328
Sugarcult,Memory,"Sitting, Talking, Walking, Driving",t4815063
Bryan Adams,Run to you,"House work, sitting, walking",t2872489
Greg Kinh's Band,Jeopardy,"House Work, walking",t8088133
Red Hot Chili Peppers,Higher Ground,"House Work, walking",t2129149
Good Charlotte,I Just Wanna Live,"House Work, walking, jogging, running",t3034044
The Cure,Lovesong,"House work, sitting",t6323624
Carolina Liar,I'm not over you,"House work, sitting, walking",t1227624
Incubus,Drive,"House work, sitting",t3924508
Duran Duran,Rio,"House work, walking",t2590424
Duran Duran,Hungry Like the Wolf,"House Work, walking, jogging",t2861778
King,Love and Pride,"House Work, walking, jogging, running",t3050337
Santana,Smooth,"House work, sitting, walking",t7899012
The Killers,All These Things That I've Done,"House Work, walking, jogging",t2835637
Dirty Heads,Stand Tall,"House work, sitting, walking",t3994832
Jay-Z,So Ghetto,"House Work, walking, jogging",t2867209
The Church,Under the Milky Way,Sitting,t8109124
Moving in Stereo,The Cars,"Sitting, Driving",t1259382
Peter Frampton,Baby I Love Your Way,Sitting,t8078415
Rolling Stones,Angie,Sitting,t2710333
The Offspring,The Kids Aren't Alright,"Walking, Sitting",t3000408
Rise Against,Prayer of the Refugee,"Walking, Driving",t2780704
Bloc Party,Helicopter,"Walking, Jogging, Driving, Exercising, Housework",t1164341
The Strokes,Reptilia,"Walking, Jogging, Driving, Exercising, Housework",t7771999
Gorillaz,Superfast Jellyfish,"Walking, Driving",t2056484
Gorillaz,Stylo,"Walking, Jogging, Driving, Exercising",t2056384
Billy Squier,The Stroke,"Walking, Jogging, Driving, Exercising, Housework",t8044132
Oingo Boingo,Just Another Day,"Walking, Driving",t2863792
Oingo Boingo,Dead Man's Party,"Walking, Jogging, Driving, Exercising",t2863753
Supertramp,Logical,"Walking, Driving",t2872902
Supertramp,Goodbye Stranger,"Walking, Driving",t2872933
Macy Gray,I Try,"Walking, Driving, Sitting",t2938363
Beastie Boys,Intergalactic,"Running, Exercising, Driving",t2458302
Caesars,Jerk it Out,"Running, Exercising, Driving, Jogging",t1986900
System of a Down,Chop Suey,"Running, Exercising",t7231628
Adele,Rolling in the Deep ,"Running, Biking, Driving",t7761186
Bruno Mars,Count On Me,"Sitting, Walking, Running, Biking, Driving",t5740233
Dixie Chicks,Landslide,"Sitting, Walking",t3511257
When In Rome,The Promise,Walking,t7335904
Carolina Liar,Show Me What I'm Looking For,Sitting,t1227699
Elvis Presley,Devil In Disguise,"Sitting, Walking",t4777902
Fountains of Wayne,Stacy's Mom,"Sitting, Walking, Driving",t2475685
Vampire Weekend,Holiday,"Running, Biking, Driving",t7358931
Bowling for Soup,1985,"Running, Biking",t2910649
Daphne Loves Derby,Pollen and Salt,"Sitting, Walking",t6446620
Fountains of Wayne,Hey Julie,"Running, Biking, Driving",t2476280
Relient K,Must Have Done Something Right,"Sitting, Walking, Running, Driving",t2148275
Lady Gaga,Bad Romance,"Biking, Driving",t2730920
Jason Derulo,In My Head,Driving,t2666959
John Mayer,Say,"Sitting, Walking",t2885767
Kenny Loggins,Return to Pooh Corner,"Sitting, Walking",t7131654
The Proclaimers,I'm On My Way,Walking,t2484055
Semisonic,Closing Time,"Sitting, Walking",t2847480
The Spill Canvas,The Tide,Sitting,t1789731
Yellowcard,Big Apple Heartbreak,"Walking, Running, Biking, Driving",t2256989
The Used,All That I've Got,,t1179961
We the Kings,Skyway Avenue,,t2581090
Sum 41,Some Say,,t2800106
Switchfoot,Only Hope,,t2901011
Switchfoot,Awakening,,t2925045
The Script,Science & Faith,,
The Script,Bullet From A Gun,,
The Script,Walk Away,,
The Script,Science & Faith,,
The Script,Bullet From A Gun,,
The Script,Walk Away,,
Yellowcard,The Sound of You and Me,,
Mumford & Sons,The Cave,,t3643652
A-Ha,Take On Me,,t1982686
Madness,Our House,,t2862115
Johnny Hates Jazz,Shattered Dreams,,t2202991
Mountain,Mississippi Queen,,t6858219
Queen,Bohemian Rhapsody,,t3908803
Queen,Another One Bites the Dust,,t5000932
Eric Clapton,Change the World,,t1548828
R.E.M.,Radio Free Europe,,t1205830
The Beach Boys,Kokomo,,t2611277
The Beach Boys,Good Vibrations,,t3984593
The Beach Boys,Surfin' USA,,t3984547
Fun.,Be Calm,,t5623025
Adele,Chasing Pavements,,t1340111
Adele,Daydreamer,,t2893028
Florence + The Machine,Dog Days Are Over,,t5208170
deadmau5,Some Chords,,t7130649
deadmau5,Strobe - Radio Edit,,t2467764
deadmau5,Raise Your Weapon,,t7130687
Linkin Park,Numb,,t1273794
Linkin Park,In the End,,t1188490
Linkin Park,Somewhere I Belong,,t1216266
Michael Jackson,Man In The Mirror,,t372699
Michael Jackson,Beat It,,t5056218
Jackson 5,ABC,,t2710153
Jackson 5,The Love You Save,,t2710210
Foo Fighters,Everlong,,t3282694
Daft Punk,One More Time,,t1982754
Daft Punk,Around The World,,t1982707
Whitney Houston,I Wanna Dance With Somebody,,t2909252
Death Cab for Cutie,I Will Follow You into the Dark,,t1155063
Death Cab for Cutie,A Lack Of Color,,t492944
Young the Giant,Cough Syrup,,t7445002
Young the Giant,My Body,,t7444999
Young the Giant,Apartment,,t7444997
Young the Giant,I Got,,t7445000
Young the Giant,God Made Man,,t7445004
Carrie Underwood,Cowboy Casanova,,t3273755
Carrie Underwood,Before He Cheats,,t8004283
Gorillaz,Feel Good Inc (Album Version),,t2544307
Gorillaz,DARE,,t2544443
AWOLNATION,Burn It Down,,t8169533
Yellowcard,Believe,,t2217338
Yellowcard,Only One,,t2216983
Yellowcard,Big Apple Heartbreak,,t2256989
Yellowcard,Lights And Sounds,,t2419049
Rusted Root,Send Me On My Way,,t5924190
Simple Plan,Perfect,,t1228176
Simple Plan,Addicted,,t1219087
Mariah Carey,Always Be My Baby,,t5168210
Mariah Carey,Hero,,t3037999
Mariah Carey,We Belong Together,,t4964485
Mariah Carey,I Still Believe,,t3002535
Backstreet Boys,I Want It That Way,,t2901696
Backstreet Boys,Larger Than Life,,t2901613
Backstreet Boys,Quit Playing Games (With My Heart),,t3816769
*NSYNC,Bye Bye Bye,,t2903836
Toto,Africa,,t4998945
Rick Springfield,Jessie's Girl,,t8114236
Cyndi Lauper,Time After Time,,t2926557
Carpenters,Yesterday Once More,,t2926872
Carpenters,Top Of The World,,t6114578
Celine Dion,Beauty And The Beast,,t5044544
Adriana Caselotti,Some Day My Prince Will Come,,t3910088
Samuel E. Wright,Kiss the Girl,,t3909582
Madonna,Like a Prayer,,t1287175
The Red Jumpsuit Apparatus,Face Down,,t2363008
The Red Jumpsuit Apparatus,Your Guardian Angel,,t2363075
The Red Jumpsuit Apparatus,Cat And Mouse,,t2362497
The Red Jumpsuit Apparatus,False Pretense,,t2362230
Boyz II Men,End Of The Road,,t7284579
Boyz II Men,I'll Make Love To You,,t3304890
Boyz II Men,Water Runs Dry,,t2703475
Boyz II Men,On Bended Knee,,t3304911
Counting Crows,A Long December,,t2800542
Counting Crows,Mr. Jones,,t5935929
Counting Crows,Accidentally In Love,,t2801237
Cher,Believe,,t3131604
Cher,Strong Enough,,t1161957
Cypress Hill,Insane In The Brain,,t3007959
Daft Punk,One More Time,,t1982754
Dido,Thank You,,t3024730
Dido,Life For Rent,,t2910093
Dido,Don't Believe In Love,,t3148174
Dido,Stoned,,t2909988
Eminem,The Real Slim Shady,,t5545724
Fiona Apple,Criminal ,,t2910364
The Fugees,Killing Me Softly With His Song,,t3515861
Genesis,I Can't Dance,,t2274447
George Michael,Fastlove,,t2955483
Gin Blossoms,Found Out About You,,t2850222
Gin Blossoms,Until I Fall Away,,t2849960
Gina G,Ooh Aah… Just A Little Bit,,t6960531
The Goo Goo Dolls,Black Balloon,,t1208629
The Goo Goo Dolls,Dizzy,,t1208674
The Goo Goo Dolls,Name,,t1208705
Green Day,Good Riddance,,t1196345
Green Day,When I Come Around,,t1235856
Green Day,American Idiot,,t8185680
Green Day,Boulevard of Broken Dreams,,t1244014
Green Day,Holiday,,t8185596
Hanson,Where's The Love,,t6507000
Hanson,Give A Little,,t3080031
Hanson,Waiting For This,,t3079720
James,She's A Star,,t3139702
James,Sometimes,,t3140480
Janet Jackson,Every Time,,t2139382
Janet Jackson,If,,t2138702
Janet Jackson,Again,,t2139385
Jewel,Who Will Save Your Soul,,t1562347
Jewel,Foolish Games,,t1562366
Jewel,You Were Meant For Me,,t1562422
K7,Come Baby Come,,t7109466
Korn,Blind,,t7963982
Korn,Falling Away From Me,,t2065705
Lightning Seeds,You Showed Me,,t3830071
Lisa Loeb,I Do,,t5894883
Lisa Loeb,Stay,,t7811259
Lisa Loeb,How,,t3293041
Marc Anthony,I Need To Know,,t3786395
Marc Anthony,You Sang To Me,,t3786408
Marc Cohn,Walking In Memphis,,t6335194
Matchbox Twenty,Push,,t1274700
Matchbox Twenty,Unwell,,t1248809
Matchbox Twenty,How Far We've Come,,t1855215
Michael Jackson,Heal The World,,t7293078
Michael Jackson,Remember The Time,,t7176952
Montell Jordan,This Is How We Do It,,t5768934
Nada Surf,Popular,,t2210356
Nine Inch Nails,Closer,,t2910715
Nine Inch Nails,The Hand That Feeds ,,t2789194
Nine Inch Nails,Dead Souls,,t1522912
Nirvana,Come As You Are,,t2712535
Nirvana,Heart Shaped Box,,t2945205
Nirvana,In Bloom,,t2712676
Nirvana,About A Girl,,t2221287
Nirvana,Lithium,,t2712601
No Doubt,New,,t2837092
No Doubt,It's My Life,,t4975554
No Doubt,Hella Good,,t5169093
No Mercy,Where Do You Go,,t7808413
No Mercy,What Is Love,,t3648684
R.E.M.,Man On The Moon,,t1196109
R.E.M.,Everybody Hurts,,t1228776
R.E.M.,Losing My Religion,,t5918417
R.E.M.,Shiny Happy People,,t1258754
Radiohead,Karma Police,,t2366171
Radiohead,Paranoid Android,,t2365853
Radiohead,No Surprises,,t2366342
Rage Against The Machine,Bulls On Parade,,t5286013
Rage Against The Machine,Guerrilla Radio,,t3574098
Real McCoy,Run Away,,t3011854
Ricky Martin,Livin' La Vida Loca,,t3802959
Right Said Fred,I'm Too Sexy,,t99093
Savage Garden,Crash and Burn,,t3789088
Savage Garden,The Animal Song,,t3789114
Seal,Crazy,,t1684952
Selena,I Could Fall In Love,,t2035022
Sarah McLachlan,Sweet Surrender,,t3013267
Sarah McLachlan,Adia,,t3012582
Sarah McLachlan,I Will Remember You,,t3012582
Sarah McLachlan,Angel,,t2927035
Sheryl Crow,All I Wanna Do,,t2735898
Sixpence None The Richer,Kiss Me,,t4364844
Smash Mouth,Can't Get Enough Of You Baby,,t2879379
Smash Mouth,Walkin' On The Sun,,t2879223
Spice Girls,Stop,,t2341461
Spice Girls,Holler,,t1998696
Stone Temple Pilots,Creep,,t1219585
Stone Temple Pilots,Interstate Love Song,,t1219710
Stone Temple Pilots,Vasoline,,t1219349
Sugar Ray,Someday,,t4365993
Tal Bachman,She's So High,,t2996622
Tal Bachman,If You Sleep,,t3020178
Tal Bachman,Beside You,,t2997026
The Moffatts,Miss You Like Crazy,,t2511655
The Offspring,Come Out and Play,,t1264927
The Offspring,Pretty Fly (For A White Guy),,t2899610
The Offspring,Self Esteem,,t1264959
The Offspring,The Kids Aren't Alright,,t3000408
The Offspring,Trust In You,,t3547616
Pretenders,I'll Stand By You,,t1520986
Pretenders,Don't Get Me Wrong,,t5472193
Pretenders,2000 Miles,,t1549293
Pretenders,My City Was Gone,,t1244808
Smashing Pumpkins,Bullet With Butterfly Wings,,t2330647
Smashing Pumpkins,Disarm,,t2328979
Smashing Pumpkins,1979,,t2331293
Smashing Pumpkins,"Tonight, Tonight",,t2332858
Third Eye Blind,How's It Going To Be,,t1318689
Third Eye Blind,Never Let You Go,,t1281842
U2,"Stay (Faraway, So Close!)",,t3290832
U2,One,,t2836501
U2,Sunday Bloody Sunday,,t2951115
Usher,You Make Me Wanna,,t2987850
Vanessa Williams,Save The Best For Last,,t8078498
Vanessa Williams,Love Is,,t1515020
Vanessa Williams,Never Can Say Goodbye,,t1176188
White Town,Your Woman,,t2050484
The Clash,Lost in the Supermarket,,
Shira Kammen,Music of Waters,,
Cat Power,He War,,
Junior Murvin,Police and Thieves,,
Bob Dylan,I'll Be Your Baby Tonight,,
James Taylor,Fire and Rain,,
Cargo Cult,Garden,,
Eagles,Tequila Sunrise,,
Evanescence,My Immortal,,
Sarah McLachlan,Possession,,
The Specials,Gangsters,,
Chad & Jeremy,Before And After,,
Dido,Here With Me,,
The Young Rascals,Baby Let's Wait,,
B.o.B.,Magic (ft. Rivers Cuomo),,
The Beach Boys,I Get Around,,
Syd Barrett,Effervescing Elephant,,
The Band,King Harvest (Has Surely Come),,
Blood, Sweat & Tears,Sometimes In Winter,,
Eurythmics,Sweet Dreams,,
The Zombies,Beechwood Park,,
Jag,Jag's Rag,,
The Monkees,A Little Bit Me, A Little Bit You,,
Version,Universal humans,,
Earth, Wind & Fire,September,,
Sherefe,Alf Leyla Wa Leyla,,
The Beautiful South,One Last Love Song,,
Cake,Perhaps, Perhaps, Perhaps,,
Shiva In Exile,Hollow Earth,,
Built to Spill,I Would Hurt a Fly,,
Blind Faith,Had to Cry Today,,
The Darkness,I Believe in a Thing Called Love,,
Hall & Oates,Private Eyes,,
AC/DC,Dirty Deeds Done Dirt Cheap,,
Young MC,Bust a Move,,
Chris Juergensen,Prospects,,
Skitzo,Last Depression,,
Muddy Waters,I'm Ready,,
David Bowie,Song for Bob Dylan,,
Gram Parsons,$1000 Wedding,,
Neil Young,Razor Love,,
Jerry Lee Lewis,Great Balls of Fire,,
American Music Club,Jesus' Hands,,
Ani DiFranco,Crime for Crime,,
The Spencer Davis Group,Gimme Some Lovin',,
My Bloody Valentine,When You Sleep,,
Morrissey,Everyday Is Like Sunday,,
Pixies,Wave of Mutilation,,
No Doubt,Simple Kind of Life,,
Art Tatum,Willow Weep for Me,,
Jay Kishor,Raga Malgunji - jor,,
Memories of Tomorrow,Transcend (Fate of a DJ),,
Christina Aguilera,Genie in a Bottle,,
The Coasters,Poison Ivy,,
Stevie Ray Vaughan,Pride and Joy,,
Talking Heads,And She Was,,
The Go-Go's,Vacation,,
Big Star,In the Street,,
Squarepusher,A Journey to Reedham (7am Mix),,
Rocket City Riot,Mine tonite,,
Live,Lightning Crashes,,
Catherine Wheel,Black Metallic,,
Jeff Buckley,Last Goodbye,,
The Doors,Touch Me,,
MC Hammer,U Can't Touch This,,
Jamiroquai,Little L,,
Miles Davis,Blue in Green,,
U2,"Hold Me, Thrill Me, Kiss Me, Kill Me",,
Buffalo Springfield,Mr. Soul,,
Curandero,Aras,,
B.B. King,Sweet Little Angel,,
Jefferson Airplane,Somebody to Love,,
T. Rex,Children of the Revolution,,
Adam Ant,Prince Charming,,
Cyndi Lauper,Money Changes Everything,,
Cypress Hill,Lowrider,,
Otis Redding,Mr. Pitiful,,
The Stone Roses,I Wanna Be Adored,,
Processor_,Nibtal 7,,
Mr Epic,Ruff and Tumble,,
Barbara Leoni,Don't rain on my parade,,
The Rolling Stones,Little by Little,,
Men at Work,Who Can It Be Now?,,
Cheap Trick,Dream Police,,
Chet Baker,These Foolish Things,,
The Apples in Stereo,Glowworm,,
Count Basie,Lester Leaps In,,
A Tribe Called Quest,Bonita Applebum,,
Rufus Wainwright,Cigarettes and Chocolate Milk,,
Fleetwood Mac,Say You Love Me,,
The Boo Radleys,Wake Up Boo!,,
Gloria Gaynor,I Will Survive,,
Black Sabbath,Black Sabbath,,
Clarence Ashley,The House Carpenter,,
Strojovna 07,130,,
ABC,Poison Arrow,,
Atomic Opera,WaterGrave,,
Madness,Baggy Trousers,,
Yes,Leave It,,
Jacques Brel,Les vieux,,
Bay City Rollers,Saturday Night,,
Metallica,One,,
Very Large Array,Psychedelic baby,,
Pink Floyd,Echoes,,
Erasure,Chains of Love,,
The Style Council,Headstart for Happiness,,
"Crosby, Stills, Nash & Young",Teach Your Children,,
Kris Kristofferson,The Best of All Possible Worlds,,
Soul II Soul,Keep On Movin',,
The Smiths,How Soon Is Now?,,
Somadrone,Coda,,
Drevo,"Our watcher, show us the way",,
Altered Images,Don't Talk to Me About Love,,
Adverts,Gary Gilmore's Eys,,
SoulPrint,Crawlspace,,
Belief Systems,Skunk Werks,,
The Temptations,Since I Lost My Baby,,
Louis Armstrong,Hotter Than That,,
Soundgarden,Black Hole Sun,,
The Doobie Brothers,China Grove,,
Paul McCartney,Ebony and Ivory,,
Urge Overkill,Sister Havana,,
The White Stripes,Hotel Yorba,,
New Order,Blue Monday,,
Aretha Franklin,Don't Play That Song,,
Roxy Music,Love Is the Drug,,
Chic,Le Freak,,
Charlie Rich,Behind Closed Doors,,
The Smashing Pumpkins,Rocket,,
Weezer,Buddy Holly,,
Pet Shop Boys,Being Boring,,
Donovan,Catch The Wind,,
Neil Young & Crazy Horse,Western Hero,,
Jamie Janover,Event Horizon,,
Stan Getz,Corcovado (Quiet Nights of Quiet Stars),,
Brenton Wood,Lovey Dovey Kind Of Love,,
Violent Femmes,Blister in the Sun,,
The Pretenders,Day After Day,,
Cilla Black,Alfie,,
They Might Be Giants,I Should Be Allowed to Think,,
Bob Marley & The Wailers,Three Little Birds,,
Snoop Dogg,Gin & Juice,,
The Sundays,Here's Where the Story Ends,,
Bo Diddley,You Can't Judge A Book By Its Cover,,
The Rolling Stones,Beast of Burden,,
Spiritualized,Stop Your Crying,,
Indidginus,Dusty lands,,
MRDC,Leaving,,
The O'Jays,Livin' For The Weekend,,
Sonny Rollins,Strode Rode,,
Bon Jovi,Livin' on a Prayer,,
Fiona Apple,Love Ridden,,
Chris Daughtry,Over You,,
Beth Quist,Survival,,
Leonard Cohen,Suzanne,,
Blind Melon,No Rain,,
The Ronettes,Walking in the Rain,,
Tom Waits,Time,,
George Harrison,All Things Must Pass,,
Billy Joel,We Didn't Start the Fire,,
Yeah Yeah Yeahs,Maps,,
Alanis Morissette,Thank U,,
Depeche Mode,World in My Eyes,,
Steely Dan,Rikki Don't Lose That Number,,
Bush,Comedown,,
Pantera,Becoming,,
The Bots,Take The Power Back,,
Shakira,The One,,
Charlie Parker,Ornithology,,
Buddy Holly,Peggy Sue,,
Roy Orbison,Running Scared,,
Queen,We Will Rock You,,
Gene Clark,The True One,,
The Chi-Lites,Stoned Out of My Mind,,
Van Halen,Ain't Talkin' 'Bout Love,,
ABBA,S.O.S.,,
Blur,Country House,,
Pizzle,What's Wrong with my foot?,,
The Shins,New Slang,,
LL Cool J,Mama Said Knock You Out,,
Electric Frankenstein,Teenage Shutdown,,
Kansas,Carry on Wayward Son,,
Williamson,whats on the ceiling beats wha,,
Buena Vista Social Club,El Cuarto de Tula,,
Black Flag,Six Pack,,
Bee Gees,Stayin' Alive,,
Barry White,"Can't Get Enough of Your Love, Babe",,
John Coltrane,Giant Steps,,
The Turtles,Elenore,,
Human Response,Angels,,
Aimee Mann,Wise Up,,
Norine Braun,Spanish Banks,,
"Lambert, Hendricks & Ross",Gimme That Wine,,
Nova Express,I'm Alive,,
Booker T. & The MG's,Time is Tight,,
Guided by Voices,Kicker of Elves,,
Counting Crows,Speedway,,
Def Leppard,Pour Some Sugar on Me,,
XTC,Love at First Sight,,
The Replacements,Answering Machine,,
Sylvester,You Make Me Feel (Mighty Real),,
Wicked boy,Pressure,,
The Smithereens,Behind the Wall of Sleep,,
Wes Montgomery,Bumpin',,
Adam Ant,Wonderful,,
Alicia Keys,Fallin',,
The Association,Windy,,
PJ Harvey,Dry,,
Jade Leary,Going in,,
Anita Baker,Caught Up in the Rapture,,
Curtis Mayfield,Move on Up,,
"Crosby, Stills & Nash",Guinnevere,,
Chuck Berry,Roll Over Beethoven,,
Beck,Where It's At,,
The Who,Bargain,,
Carole King,You've Got a Friend,,
Aphex Twin,Come to Daddy,,
Garbage,Hammering in My Head,,
Marvin Gaye,What's Going On,,
Love,You Set the Scene,,
Gin Blossoms,Hey Jealousy,,
Maroon 5,Sunday Mornings,,
Madonna,Ray of Light,,
The Napoleon Blown Aparts,Higher education,,
The Animals,I'm Crying,,
Kanye West,Gold Digger (feat. Jamie Foxx),,
Todd Rundgren,Bang the Drum All Day,,
Chantal Kreviazuk,Surrounded,,
Smokey Robinson,Cruisin',,
Janet Jackson,Miss You Much,,
The Germs,Lexicon Devil,,
Daft Punk,Da Funk,,
The Bobby Fuller Four,I Fought The Law,,
Elliott Smith,Baby Britain,,
Faith No More,Epic,,
Arlo Guthrie,Alice's Restaurant Massacree,,
Tilopa,kyo rei,,
Dire Straits,Money for Nothing,,
DJ Markitos,Sunset (138 BPM Remix),,
Scorpions,Rock You Like a Hurricane,,
Sir Mix-a-Lot,Baby Got Back,,
Ramones,I Just Want to Have Something to Do,,
The Black Crowes,Thorn in My Pride,,
Tricky,Christiansands,,
Traffic,Pearly Queen,,
Domased,Too Slow,,
Utopia Banished,By Mourning,,
Busta Rhymes,Woo Hah!! Got You All in Check (feat. Rampage the Last Boy Scout),,
Spinecar,Stay,,
Kourosh Zolani,Peaceful planet,,
Robert Johnson,Sweet Home Chicago,,
Whitney Houston,How Will I Know,,
Ike & Tina Turner,River Deep Mountain High,,
Wilco,Kingpin,,
Buzzcocks,Everybody's Happy Nowadays,,
Genesis,Cuckoo Cocoon,,
Ben Folds Five,Brick,,
The Chemical Brothers,Setting Sun,,
Mary Wells,My Guy,,
The Police,Every Little Thing She Does Is Magic,,
Westlife,The Queen Of My Heart,,
Grayson Wray,Heaven's The Place,,
Ashford & Simpson,Solid,,
Dave Matthews Band,Ants Marching,,
Muse,New Born,,
Mose Allison,Monsters of the Id,,
The Birthday Party,Mr. Clarinet,,
Joram,solipsism,,
Jane's Addiction,Been Caught Stealing,,
Cream,Tales of Brave Ulysses,,
iNTROSPEKT,TBD,,
Cheryl Ann Fulton,The Marsh of Rhuddlan,,
Jan & Dean,Surf City,,
Mazzy Star,Fade Into You,,
Billie Holiday,God Bless The Child,,
Arthur Yoria,At Least You've Been Told,,
Tommy James & The Shondells,I Think We're Alone Now,,
Falik,Bliss,,
Arthur Alexander,You Don't Care,,
Creedence Clearwater Revival,Travelin' Band,,
Sonic Youth,Teen Age Riot,,
R.E.M.,Camera,,
Green Day,Longview,,
Joy Division,Love Will Tear Us Apart,,
Etherine,Never Leave,,
Kool & the Gang,Funky Stuff,,
Captain Beefheart & His Magic Band,Safe As Milk,,
No Doubt,Artificial Sweetener,,
Sly & The Family Stone,Just Like a Baby,,
Television,Venus,,
The Stooges,Dirt,,
Nirvana,Aneurysm,,
Blue Oyster Cult,Burnin' For You,,
Billy Bragg,Jeane,,
The Psychedelic Furs,Love My Way,,
Brad Sucks,Overreacting,,
Tim Hardin,Don't Make Promises,,
Nine Inch Nails,Head Like a Hole,,
Cowboy Junkies,Postcard Blues,,
Alice In Chains,No Excuses,,
Tom Paul,A little part of me,,
Bobby Brown,My Prerogative,,
Faith Hill,Let's Make Love,,
Lynyrd Skynyrd,Sweet Home Alabama,,
Jewel,Enter From the East,,
Thursday Group,Like White on Rice,,
Carl Perkins,Matchbox,,
Superchunk,Slack Motherfucker,,
Oasis,Supersonic,,
Santana,Love of My Life,,
Red Hot Chili Peppers,Give It Away,,
The Jackson 5,ABC,,
Rubén González,Cumbanchero,,
Buffalo Springfield,For What It's Worth,,
Mott the Hoople,Roll Away the Stone,,
De La Soul,Eye Know,,
Brian Eno,Here Come the Warm Jets,,
Throwing Muses,Hate My Way,,
Teenage Fanclub,The Concept,,
Frank Zappa,What's the Ugliest Part of Your Body?,,
Panacea,Dragaicuta,,
Glenn Miller,In The Mood,,
ABA STRUCTURE,I'm Alive,,
Liz Phair,Supernova,,
The Marvelettes,Please Mr. Postman,,
Scott Hill,Silk Road,,
Screaming Trees,Nearly Lost You,,
Bob Seger,Turn the Page,,
Manassas,Bound To Fall,,
C+C Music Factory,Gonna Make You Sweat (Everybody Dance Now),,
Lisa Moscow and Mihai Manoliu,Chandra,,
Dennis Brown,Tribulation,,
Drop Trio,Slapjack,,
Duncan Sheik,Barely Breathing,,
Modest Mouse,What People are Made Of,,
Foo Fighters,Big Me,,
Dionne Warwick,Walk on By,,
Sweet,Fox on the Run,,
Ultravox,Dancing With Tears in My Eyes,,
John Lee Hooker,Boom Boom,,
AntiGuru,Peering,,
Myles Cochran,Getting stronger,,
Franz Ferdinand,Come on Home,,
Natalie Imbruglia,Torn,,
Tears for Fears,Everybody Wants to Rule the World,,
Yo La Tengo,Tom Courtenay,,
The Byrds,Wasn't Born to Follow,,
Chumbawamba,Tubthumping,,
Howlin' Wolf,Moanin' at Midnight,,
touchingGrace,Wild Spring Apples,,
Four Stones,Brilliant Day (Eine Kleine Mix),,
Lou Reed,Walk on the Wild Side,,
Neutral Milk Hotel,Where You'll Find Me Now,,
Primus,Jerry Was a Race Car Driver,,
Diana Ross and The Supremes,Where Did Our Love Go?,,
Love and Rockets,Mirror People,,
John Cale,Pablo Picasso,,
Aaron Neville,Tell It Like It Is,,
The West Exit,Nocturne,,
James Brown,Give It Up or Turnit a Loose,,
Buggles,Video Killed the Radio Star,,
Dead Kennedys,Chemical Warfare,,
The Breeders,Cannonball,,
Canned Heat,On the Road Again,,
Parachute,She Is Love,,
The Small Faces,Lazy Sunday,,
Bread,If,,
Tim Rayborn,Yedi tekrar,,
Shane Jackman,Set fire to the city,,
Saros,Prelude,,
Bomb the Bass,Bug Powder Dust,,
Zapp,Dance Floor,,
Thelonious Monk,Epistrophy,,
Carly Simon,You're So Vain,,
Jimi Hendrix,Highway Chile,,
The Contours,Do You Love Me,,
King Crimson,Thela Hun Ginjeet,,
Backstreet Boys,As Long As You Love Me,,
The Everly Brothers,Take A Message To Mary,,
Badly Drawn Boy,All Possibilities,,
Stereolab,Cybele's Reverie,,
The Cars,Good Times Roll,,
Seismic Anamoly,Wreckinball,,
Angels & Airwaves,Everything's Magic,,
Dr. Dre,Nuthin' but a "G" Thang,,
Psychetropic,Dead slow day,,
Interpol,Stella Was a Diver and She Was Always Down,,
Carpenters,Rainy Days and Mondays,,
Artemis,Don't Look Back,,
Syreeta,What Love Has Joined Together,,
Barry Manilow,Mandy,,
Boogie Down Productions,The Bridge is Over,,
Lisa DeBenedictis,Fruitless,,
Pearl Jam,Yellow Ledbetter,,
The Allman Brothers Band,Melissa,,
Grateful Dead,High Time,,
OutKast,Ms. Jackson,,
The Olivia Tremor Control,I Have Been Floated,,
Rick James,Super Freak,,
Air,Sexy Boy,,
Steppenwolf,Born to Be Wild,,
The Kokoon,Order,,
Sex Pistols,Pretty Vacant,,
Glen Bledsoe,P-pop,,
Chicago,If You Leave Me Now,,
Jimmy Eat World,Sweetness,,
The Stranglers,Golden Brown,,
Kraftwerk,Spacelab,,
Shuggie Otis,Sweet Thang,,
Guns N' Roses,November Rain,,
Sade,Smooth Operator,,
Michael Masley,Advice from the angel of thres,,
Tim Buckley,Morning Glory,,
Eminem,My Fault,,
2Pac,Trapped,,
Sebadoh,Soul and Fire,,
The Troggs,Wild Thing,,
The Standells,Dirty Water,,
Led Zeppelin,Immigrant Song,,
Cab Calloway,Minnie the Moocher,,
Solace,Laz  7/8,,
Bauhaus,Ziggy Stardust,,
Elton John,Tiny Dancer,,
10cc,For You and I,,
Sting,Big Lie Small World,,
C. Layne,The devil and the woman,,
Wicked Allstars,Happy,,
Al Green,Sha-La-La (Make Me Happy),,
Devo,Girl U Want,,
Thin Lizzy,Don't Believe a Word,,
Randy Newman,Sail Away,,
Mr Gelatine,knysnamushrooms,,
Aerobic Jonquil,Sweat Machine,,
Anup,Life Glides,,
Stevie Wonder,For Once in My Life,,
Bonnie Tyler,Total Eclipse of the Heart,,
Kiss,Deuce,,
Django Reinhardt,Brazil,,
Duran Duran,Come Undone,,
The Vapors,Turning Japanese,,
Tom Petty and the Heartbreakers,Don't Come Around Here No More,,
Los Lobos,Corrido #1,,
Björk,Army of Me,,
Barenaked Ladies,It's All Been Done,,
Boston,More Than a Feeling,,
Elvis Presley,Heartbreak Hotel,,
DJ Jazzy Jeff & The Fresh Prince,Summertime,,
John Lennon,Imagine,,
Sinéad O'Connor,No Man's Woman,,
Charles Mingus,Mood Indigo,,
The Beatles,Strawberry Fields Forever,,
Portishead,All Mine,,
Starship,Nothing's Gonna Stop Us Now,,
Nelly,Country Grammar,,
Ivilion,d/b/l,,
The Flying Burrito Brothers,Break My Mind,,
Elvis Costello,Less Than Zero,,
The Chills,I Love My Leather Jacket,,
The Rajdhani Quartet,Raga Hansa Kalyani,,
Hybris,Hate,,
Duke Ellington & His Orchestra,Caravan,,
Sheryl Crow,I Shall Believe,,
Emma's Mini,Lost,,
Moby,Porcelain,,
Massive Attack,Risingson,,
Antonio Carlos Jobim,Wave,,
The Velvet Underground,New Age,,
Smokey Robinson & The Miracles,Ooo Baby Baby,,
Rage Against the Machine,Maggie's Farm,,
Van Morrison,And It Stoned Me,,
Dr Kuch,The Persuaders Dub,,
Alice Cooper,Elected,,
Jackalopes,Rotgut,,
Aerosmith,Dude (Looks Like a Lady),,
Eels,Cancer for the Cure,,
Belle and Sebastian,Like Dylan in the Movies,,
Bobby Womack,Woman's Gotta Have It,,
The Cranberries,Linger,,
War,All Day Music,,
The Mamas & The Papas,Words of Love,,
Bryan Adams,Cuts Like a Knife,,
The Cure,Just Like Heaven,,
The Maine,The Maine - Everything I Ask For,,
Simon & Garfunkel,The Only Living Boy in New York,,
The Beatles,I Want to Hold Your Hand,,
The Andrews Sisters,Boogie Woogie Bugle Boy,,
Tom Petty,I Won't Back Down,,
Beatundercontrol,This is BEATUNDERCONTROL!,,
Bruce Springsteen,Badlands,,
Squeeze,Pulling Mussels (From the Shell),,
Uncle Tupelo,The Long Cut,,
Johnny Cash,The Man Comes Around,,
Monoide,Golden key,,
Propellerheads,Take California,,
Burnshee Thornside,Goodbye on a beautiful day,,
Muddy Waters,Mannish Boy,,
Roots of Rebellion,Legend,,
Camper Van Beethoven,Take the Skinheads Bowling,,
Tori Amos,Professional Widow,,
The Strawbs,New World,,
The 5th Dimension,One Less Bell to Answer,,
Britney Spears,I'm a Slave For You,,
Eric Clapton,Wonderful Tonight,,
"Blood, Sweat & Tears",Sometimes In Winter,,
The Monkees,"A Little Bit Me, A Little Bit You",,
"Earth, Wind & Fire",September,,
Cake,"Perhaps, Perhaps, Perhaps",,